90K0C1fIyQUf,toys,491,19,12,16
qejhpMGGVcsl,watches_gifts,440,18,14,17
qUS5d2pEAyxJ,costruction_tools_garden,2200,16,16,16
639iGvMyv0De,toys,1450,68,3,48
1lycYGcsic2F,toys,300,17,4,12
TpFZIk33uyGn,toys,2800,16,31,39
Y0T4Ca4BXK8U,bed_bath_table,3975,46,12,43
IUykT5z5LcPW,toys,250,45,15,35
0UHKKyYmxWfq,toys,1200,30,23,30
MJ82dNJNiV7U,toys,1500,30,5,20
wdV7yJzaz3Su,toys,4338,17,12,14
V3ksL8RRt2uO,toys,350,21,22,22
vndXhZ66Bwpl,toys,500,16,12,22
2RxPIb6Sjlm1,toys,300,38,19,22
DXG0TFaZjGHO,toys,200,16,7,11
YCMS6jUWbEbe,toys,4000,45,20,100
CBuRjOln99hg,auto,350,20,15,15
tfgKHMdnTKpJ,toys,425,17,11,14
l0Q038BC2u3G,health_beauty,4200,30,10,20
V84ooqHQgeH2,toys,200,20,5,15
E9OiMOkPkNam,toys,335,17,11,16
aYw1jx6U0ZzQ,toys,300,27,25,27
kuUbPNBMgk7o,toys,2150,30,19,25
SESkOgF0nWnh,cool_stuff,1600,42,25,15
06Zem5ml9euJ,toys,175,17,6,13
ro08JPncYzLh,garden_tools,1650,30,22,30
lkPBqpnGNyKe,toys,650,36,15,25
saFIRNuu8V6H,toys,1500,20,30,30
uicu7Mpz6xlZ,toys,950,100,5,20
uCnShK796Rpb,toys,1700,28,14,22
tRV6VjdwdLAm,toys,1500,40,30,30
Hwaj6cncrjwO,toys,1300,30,30,30
YgnBaIterOVh,toys,2650,16,16,62
SLTlrWtcYt1m,toys,1750,37,22,40
yZJweQSasMAW,toys,350,19,19,13
kgF2KLJ8Ao3M,toys,107,7,7,10
8kUYWjdaVCxf,toys,250,41,2,29
QzAC1fDWMbmk,toys,100,11,11,11
R2u3pJSgF7Gr,toys,200,19,9,12
lSVmLWTOmgtw,toys,400,16,16,22
bDhxHlkU0GeF,toys,1100,22,21,16
MeFPAUcWfyAo,toys,1500,18,35,48
Mh5csf65CB6I,toys,900,28,29,12
hfEa3c65LTA2,toys,5950,20,20,20
Pb29t2XBfP6Q,furniture_decor,700,35,4,30
th6S1t44GAij,toys,1256,28,26,30
fUSMr8Wo77AI,toys,70,19,4,15
qI5i1mUxo5tX,fashion_shoes,400,29,7,16
AQRgJU930yvK,toys,5775,104,35,30
VCOwCoc0C3aj,toys,1200,30,4,20
f21OMkeWX2ZC,toys,30000,75,58,65
mKDM0qdFnNNd,toys,127,18,10,14
aZ1aneUqyncU,toys,125,19,5,11
ch26pynh9FL6,sports_leisure,1182,21,16,17
eTlPil30tvIn,toys,5950,20,30,80
DXG0TFaZjGHO,toys,200,16,7,11
htOWZMHmysDe,toys,14900,40,60,40
GJ4e2xEfaCmh,auto,75,17,8,13
EZlH1lJVfFqj,sports_leisure,1017,42,21,27
zTW2bowvLdj9,toys,100,19,2,19
VO111AOA1QIP,baby,550,50,10,50
mfq8n5MEY4eP,toys,378,21,14,14
TdryLJINHQ9O,toys,800,30,10,30
B2udqVNGe7sU,toys,300,30,15,15
IsLB3oNMsX7k,furniture_decor,8950,30,35,30
7IfEqKdKlG9j,toys,200,16,10,16
YG7qG1MQlhjp,toys,200,18,3,20
nS95HUh6SK36,bed_bath_table,1600,49,7,40
cT3PvVNqyIpQ,bed_bath_table,5350,40,16,50
hoBYqNvOyd5V,housewares,30000,60,60,60
2oRZ0O0Cvxg1,toys,2150,42,10,22
UjLE7WsWfgrO,construction_tools_construction,450,16,14,11
nvbYOXncMsv0,toys,600,37,12,31
5WcLgWtO04vH,toys,400,20,2,15
jyqvHPkDKFDV,toys,567,26,12,26
4BAZNq7FQZOV,toys,500,23,45,32
G16XPtJuiBOe,toys,150,16,4,13
tfJojxEnA32p,toys,2200,40,15,30
5hqQbR7p5r2D,toys,1825,43,28,28
97fSQlZJl4P8,toys,900,30,8,23
mwlDII1pL31s,toys,6650,23,19,29
N9wgqW59QGza,toys,250,22,12,16
n3QjhUa3JbkT,toys,500,17,17,16
fJOMyLSpholI,toys,200,20,2,15
DMB6KqQisnZE,toys,400,20,5,21
0vbEvli2JYJu,toys,1383,50,10,40
xl7fxh09W8xU,toys,4105,67,10,67
bumRSmIPLuYa,toys,14400,30,50,32
Hh61P9XhdxJT,furniture_decor,2850,40,5,44
jcZ2MOqKsGsh,toys,1590,38,20,23
OEoHcaKHbdiB,toys,10700,100,10,30
Ggd3U51peXoq,electronics,175,22,11,16
etUc3o0rjL6e,toys,2220,20,30,30
lFGT2p3CDtxY,toys,200,22,3,15
daiqbsoofbQ7,toys,150,17,8,12
dAz11YkQkoue,health_beauty,100,20,15,15
KocIrz6J906g,toys,200,16,6,20
xj8TsBOfCz2Q,toys,329,20,16,18
LEtlZnZPgiXx,toys,50,16,5,11
dtkkSAYxncfA,toys,150,20,10,20
WLCpnwy0jsjj,furniture_decor,1150,35,23,35
qjquOwfUstem,toys,200,16,2,11
gdZxFB7RkmeM,toys,400,16,24,16
RO8Eso0VLlkB,bed_bath_table,550,18,10,18
GvBzGCvvIC2D,toys,1000,53,8,18
BuMA9g0RCLlr,toys,450,16,7,11
K9inDFpRP1Y5,toys,588,19,14,17
sZPDopwjwXU1,auto,2450,30,30,30
PNxV7rsy2fgg,toys,150,16,5,20
XtWT6gLIlj7Q,toys,10700,40,40,40
Mb037GbMfoRI,toys,800,100,5,20
LP9yzvAzxDXy,toys,750,32,9,24
KDNXKv9s2evT,home_appliances,500,30,12,17
axLBYi1XjP6J,toys,200,41,2,29
YWxNxMu4wOKG,toys,1050,36,24,22
bdZMcl4443hh,toys,200,16,13,14
Djdj2b2qMgNy,toys,150,18,2,16
4VIws8ixtz0J,toys,200,25,7,16
63xWgMAWpCUv,audio,250,16,5,11
5zjlm4wGGKnH,toys,1067,32,13,22
ZXaWnDtFtm16,toys,1400,16,7,12
iqxjLw041Ngo,toys,476,21,15,17
77YHWauoWSee,toys,850,20,44,39
u7VrCV0J3rFD,toys,700,45,8,25
i8rOWNVCU8SG,toys,200,17,11,15
s284eb92Zw1i,toys,1500,40,25,20
GrFFq2mwLHY2,toys,200,16,8,11
CdlzSJX6L7SM,toys,1050,100,5,11
M6dHMMDQkzl9,toys,7650,44,15,34
HsY2B64ToEjd,toys,50,16,16,12
8EMcxO7AFhVP,toys,180,17,10,13
vTrdy4RV0PS5,toys,2200,48,25,25
Fn43rroPPaVv,housewares,9950,31,61,31
IiPypLNFQJ7z,toys,50,42,9,25
HhAtKukEU7VT,toys,1867,36,6,36
KnGbtqqEcmat,toys,300,40,10,25
wEXYeIBMtNpz,toys,1700,65,6,50
eJ0WKujR01gm,toys,950,105,10,11
JyBhiUYADnbo,toys,250,16,7,11
lpU3XJCPa54J,toys,523,20,16,17
k1G4RHt3R7Nk,toys,950,20,35,20
hXJzBtpOKuuU,toys,4650,37,20,34
Vb1H62ttvRIQ,toys,5400,32,25,14
1zUdSj6NFG6K,auto,450,20,15,15
5OJOlHuoPBnC,toys,1000,70,10,15
Joe8cEWyRSL5,consoles_games,900,22,7,18
vkx2x9k5aIEp,toys,6350,38,30,28
PdQSW0L6zcA8,toys,150,16,12,15
t3Yt7rB0Siv5,construction_tools_construction,450,16,10,11
6qDx55OCUjhU,toys,750,34,18,44
Mc3HVfMW32MH,toys,214,18,15,15
h2L3kgHs7Aaa,toys,700,32,15,21
dshaRMcCMDlF,consoles_games,100,20,3,15
kYkawOSYkfjo,watches_gifts,375,21,15,16
IygrTULmkPjL,toys,350,21,12,14
Y6z2ccr6ILTJ,toys,3300,60,18,50
CIzjmmwLZi9E,toys,441,24,20,17
0GII09WWgwUY,toys,200,51,15,15
UGsLZX3s5mEt,construction_tools_construction,1700,16,11,11
W0BmO3Zth0WP,toys,650,24,10,20
m2BXGAfmaOtK,toys,450,20,10,15
HheG19aBYVwJ,watches_gifts,200,16,2,11
oszo5WkcF9hR,toys,6450,35,25,27
d0gLt5qG6suy,toys,1200,32,28,13
ocSuycYd5FzD,sports_leisure,250,16,6,20
UtRbLGZqWe6T,furniture_decor,11850,74,8,74
4lnnpEh9Lojy,toys,1275,27,26,27
1Shu25hw8jmU,sports_leisure,150,16,16,11
G16XPtJuiBOe,toys,150,16,4,13
qtlBf0tnYibE,toys,240,16,2,11
2m67LSn6k958,toys,250,40,4,30
gkFvRSioMfLT,toys,237,16,16,16
qAJdy2rvA6Nv,toys,1050,22,9,12
6iped3gcNaVR,bed_bath_table,400,19,13,15
vBG3fdRC0U7J,toys,2200,30,30,40
6gc28NXmxjiC,toys,363,16,4,11
Sd2c5zg8xeYS,toys,300,20,6,26
TznsJjXJH6cK,toys,1700,25,25,25
aj4kbcxNEnZj,toys,4000,30,35,30
yC8GTlBDlTbh,toys,550,40,7,50
x3MYuCDmKXil,toys,575,23,17,20
PNlm9wyElFNa,toys,2150,45,15,35
U12L66pFn1Cd,toys,1050,38,10,38
T02sruZBYwTh,toys,250,40,4,30
tB2oGrkUn3T5,toys,1100,24,4,24
nTdYWC9EsMzL,stationery,250,20,20,20
SLTlrWtcYt1m,toys,1750,37,22,40
GvBzGCvvIC2D,toys,1000,53,8,18
tyfmRC7KLE75,toys,5650,40,20,40
frPceaQ1oVol,toys,100,80,10,60
SGzn0iArTwMr,garden_tools,9100,42,13,39
9Zkcb7CHJ7oF,toys,2800,50,10,40
QQh3add5yA42,toys,250,25,7,14
Y3eayqO8aOXQ,toys,850,38,10,38
Frot5FLjBR6q,toys,175,20,20,20
Q4YJxJB0FmME,furniture_living_room,2700,47,6,47
nleYDnRljyRR,toys,800,23,3,16
ZahOFsDsu0qC,toys,2700,87,10,30
a4eRSJHIpAKf,toys,300,40,4,30
xczz8pBAGbiX,sports_leisure,300,19,2,12
yNiC4LvaTd1R,toys,153,14,14,12
sDiRdnCZMwRY,toys,550,27,10,15
Hqi3PlXungqO,toys,2400,40,20,20
nPKBktJfW1Fl,toys,150,16,2,11
PwoiOjyJfSJK,bed_bath_table,400,20,2,15
EsjZXaqqL5SG,toys,500,19,11,20
pIsDRb4xbzyD,watches_gifts,350,16,14,11
YwgHNvscHjW0,toys,167,17,16,16
i10BtlKMkpvy,toys,442,20,19,17
JWWerUz4sUOi,toys,450,16,21,20
8IhgV2nH9kXE,health_beauty,700,25,12,19
RIeB1nlwkWYV,toys,400,29,36,15
S5shnnygPs0S,bed_bath_table,400,20,20,20
GntEBdL0e4AR,bed_bath_table,250,16,15,15
8o27iVPsjrvn,computers_accessories,200,20,20,20
sZ5wMb8HMu6M,toys,300,20,4,18
KbN9lsh9uJef,garden_tools,150,16,2,11
pG4lRZB6FT1o,housewares,2350,25,30,25
6kzsO3fAg0UT,toys,1700,20,24,30
Ffe8gTdmyO3U,toys,533,22,11,20
uXqtt8FPcOSE,auto,500,16,5,11
PWl2yBtu82h0,perfumery,250,20,8,21
P7YmM1JrfxgO,computers_accessories,800,35,12,15
MnU1humwDAEV,toys,2450,41,8,36
ij9mTh09IZhj,toys,2100,35,9,25
IxSYqX7LMxEm,toys,4850,61,15,58
TKNiFZxm7gs7,toys,350,16,2,20
fXpxCuz3DlnE,toys,1350,30,5,20
VrCYTXjnNAL1,toys,1100,37,6,27
VBy6T8nuWyMy,auto,50,17,10,15
KOdBiBN6BdOW,toys,150,19,10,15
B8QmdTHBBm2r,toys,600,16,14,14
JXxZvMEQwVdy,toys,50,17,3,12
GKdOuHdQrcS9,kitchen_dining_laundry_garden_furniture,975,41,12,12
pZaSE0Kq83mh,toys,533,52,6,40
fF0aIgV1Szz2,toys,17400,63,58,26
Dpy0ivGUIZbf,toys,275,23,11,16
mLW3e88htVUA,toys,600,25,10,25
W11EKjDhLU8S,home_appliances,100,18,8,13
oUaq0Emczjrp,toys,175,23,21,21
ilTOySUJeryQ,toys,2700,60,15,15
cPxHctjb1mwb,toys,150,22,3,15
MCpcB88Db8FO,toys,1500,45,15,35
VyvqSoUrvQ46,toys,363,18,13,13
5p34yHlx2OtC,toys,800,42,8,26
hqX5zybakKuo,housewares,800,30,40,30
rpc533nr2KMl,toys,850,20,9,14
SGGufQjkuu50,furniture_decor,650,20,35,20
d77sYHwrvNb6,consoles_games,700,26,12,18
MaltNz8KU4y1,bed_bath_table,2650,46,8,38
jkF9uiOYSJQv,toys,650,28,9,14
HClWJt2zIHqw,toys,4100,40,37,29
plejCSAfHfj4,toys,1100,20,20,20
8EMcxO7AFhVP,toys,180,17,10,13
uhU6v99z0kXK,bed_bath_table,1400,40,10,30
4tXRIqqJAw5t,cool_stuff,1650,33,44,19
ILJ1czl5oREZ,toys,1092,27,27,23
UpBx9hw8qVhN,toys,5450,23,24,23
8lFcvo9C9wbB,fashion_bags_accessories,300,20,10,20
fdKNYBPuPnsg,toys,250,22,5,15
hGtmCHbSVQ4G,furniture_decor,5700,40,30,40
p8szMBFqPyIE,housewares,700,30,30,30
0Rv9bIApkexA,toys,2050,90,8,15
bpqNyuI195P5,toys,100,21,9,13
CsjdvHqLmAxc,toys,950,16,30,27
ua99TuLWOUSc,market_place,175,17,10,19
9d6vkyKPUKTm,toys,10600,78,4,47
dAz11YkQkoue,health_beauty,100,20,15,15
mVm1INynZf3d,toys,350,16,25,11
CpeCg2UGCL6P,toys,250,40,4,30
3hr001otfd42,toys,150,18,20,11
oGoQE6pH8wMX,toys,300,104,4,20
lk149m5QGyX9,health_beauty,1600,50,16,40
BGJSKvvLAPkO,toys,325,21,8,17
qlb3txU8IQ7W,toys,775,34,9,33
H9bNMpRahUKq,toys,1850,16,10,16
GkKwbXbTsUcZ,toys,1400,43,5,30
KIYt8ODpiQyI,toys,550,16,7,11
y2j8hYmi4AVK,housewares,1800,30,30,30
n7Cpn4dSlDZn,toys,515,39,11,25
tEjoHkDlwfgW,toys,450,17,3,11
9RgMq5eVloUQ,toys,1200,42,25,15
1gi8qMFFJtiv,watches_gifts,233,17,11,15
Rtm1uWckrdIP,toys,950,35,6,45
C0ZV4wrnC7a9,home_appliances,4550,27,13,17
8EMcxO7AFhVP,toys,180,17,10,13
BFpdkwndpvo8,toys,2050,60,10,40
Rr4bjc79Exdc,toys,1575,26,21,23
ii8N1s7yzFym,toys,10250,35,50,35
4VIws8ixtz0J,toys,200,25,7,16
p9owG1LeMQyo,toys,2100,30,24,25
wdV7yJzaz3Su,toys,4338,17,12,14
V538EPE0kKPC,stationery,1500,60,20,29
DXG0TFaZjGHO,toys,200,16,7,11
Biwi1BNtUB7l,toys,1500,30,22,30
diXfR20Ry7N3,computers_accessories,200,20,15,15
xd1uzxed845G,toys,9200,53,52,17
DwqOXp6wWYBc,toys,300,16,8,11
Cjq4di8arIUK,toys,200,16,16,16
i3RR3rlzZnM1,computers_accessories,300,22,5,16
vMNkrbsMMk0s,toys,300,16,9,11
9SSBohAQrOts,toys,700,60,7,11
gero47msJAuH,toys,4100,20,15,13
cRgyR7JbPIOp,perfumery,100,20,15,15
EG4wDSpFyTth,health_beauty,250,22,10,18
h0c562VfTzH1,toys,1200,30,30,30
m9lIuV6TOthi,toys,517,39,11,13
Ycoiqp2LnndQ,toys,250,16,11,11
Gvk6GWtgVh4r,toys,887,30,22,20
T4RytrhXe0AL,toys,2600,36,13,36
THGXRZufUKBc,toys,700,16,17,16
cyCC0fkLmcqw,toys,513,19,15,18
GvBzGCvvIC2D,toys,1000,53,8,18
YNIpoyuyWPht,furniture_decor,7300,30,20,70
CiqlffKEv9bE,sports_leisure,13500,70,30,40
24AgwBMFEDBG,toys,480,18,11,14
3FAOpWw8lQRG,sports_leisure,400,70,10,20
y2MAnns4G96G,computers_accessories,207,19,11,14
Al1GHLV4kkHl,toys,800,39,12,17
5VAqP83HaX5S,telephony,100,19,3,11
11o3x3quwlxA,toys,2300,98,12,20
TAlgqaCYmIfH,home_construction,1050,16,20,16
kqxklO6gqERR,toys,14300,45,15,35
MUrEW9uOnc0R,toys,6900,74,13,52
cjZ4OtQAYbu8,toys,650,20,8,14
FNKIqU40hVPa,sports_leisure,900,50,6,20
6zUARqcDy3iI,toys,11500,20,50,28
GEteoECKnq9S,toys,575,26,20,32
cajdwKq3aeGD,toys,1300,30,40,30
6cDVtksZH7KU,,200,16,2,11
ffBrVvV1xRMY,housewares,6100,20,30,15
UgkSjxoiV9Ev,toys,2600,50,10,30
X9sl5gbsIDb6,toys,1825,53,10,40
QfIlk7LWi2Lx,toys,7800,18,18,18
8Jj1iuFC4uzV,toys,900,25,25,25
veULCrfJEcMn,toys,400,18,12,15
p4OJVkjqLIYy,toys,1000,20,12,21
YK9vqq5pdJfX,toys,4050,22,37,37
IzIflSQvLmzI,toys,900,32,17,25
Gb2HIDesY0ab,toys,825,60,8,33
AbOCavZAHlDU,toys,1100,36,20,20
iLdb3g2peSd6,toys,400,30,15,15
ipYJ5d8d5OHW,toys,300,16,10,16
8J8YIZXGpQkN,toys,5700,42,21,36
XVIu4wrydalt,toys,1500,16,8,16
ssZQDTdv1ISb,toys,400,34,4,22
sqPeHmTzzTXv,toys,600,30,12,12
GwAtwuLm3m5l,toys,450,40,4,30
71NSrL41eqam,toys,1350,45,10,55
1Shu25hw8jmU,sports_leisure,150,16,16,11
yRrKrWyMF6HD,toys,525,25,10,35
Clpt9JGtOL7P,toys,975,37,31,17
UCaDMBHd1vuf,toys,2800,40,8,40
ICb4opztefdl,toys,1250,49,10,34
w47Os1mXLhR7,toys,1200,28,5,18
bIEg5jBI5qCt,office_furniture,16133,63,59,25
4mMPfzYGac14,toys,300,35,5,25
GvBzGCvvIC2D,toys,1000,53,8,18
K35ErlmYxmP3,toys,150,17,8,14
Kxzm6htBni1h,electronics,600,16,11,11
LqNug3U6tUf0,toys,1310,60,12,24
o1t7qs5Pvp0r,toys,100,25,7,16
9NwzO0Pm0fDM,toys,1550,30,22,30
5ppYQQO7KZYt,toys,125,16,12,14
AwMrMN70PjWi,toys,1900,105,15,15
MrDnVpqFoLqT,toys,1850,45,12,45
mUzVm5ukrxKM,auto,5950,65,11,65
1XrebgSC6x8K,toys,16750,63,58,26
p7NpuOoJ7D0U,furniture_decor,650,25,25,25
CDuJDwStnGwQ,toys,1700,20,24,30
PWl2yBtu82h0,perfumery,250,20,8,21
EJC58vmKh0JZ,toys,1100,30,20,20
9NwzO0Pm0fDM,toys,1550,30,22,30
9NwzO0Pm0fDM,toys,1550,30,22,30
ad8n5dIJySPi,toys,650,16,10,16
DuOTQpA1e2b4,bed_bath_table,2250,42,16,36
gbZKFYX43Vp2,toys,2467,38,15,24
ePkdyik8Yarq,toys,3950,43,15,32
rSIbOvXw0Cpk,toys,5350,52,6,52
DXG0TFaZjGHO,toys,200,16,7,11
ilsWDSWmR8dX,bed_bath_table,1100,50,12,12
xl7fxh09W8xU,toys,4105,67,10,67
ZWc6ka4ieCQO,furniture_decor,500,68,8,13
Kng7s6klzhxE,toys,450,17,8,12
NDXr9BpDHzF7,office_furniture,11880,50,60,27
RVYXL9B514r5,housewares,1050,30,30,30
sNLeq710SzBt,toys,1000,42,42,14
SESkOgF0nWnh,cool_stuff,1600,42,25,15
5EFBA7VYOItK,toys,321,19,14,13
IkgGn9HxKC7r,toys,550,21,12,20
cknJxv19AtA0,toys,300,16,8,11
rouH1tejy3SO,toys,1600,20,60,20
Ffe8gTdmyO3U,toys,533,22,11,20
UgkSjxoiV9Ev,toys,2600,50,10,30
hLYCVUs0gvdF,toys,900,33,9,38
TVqNHUbZ8q20,toys,1300,25,25,35
uYZs9sSZLjJQ,toys,200,16,2,11
HhAtKukEU7VT,toys,1867,36,6,36
3B3FUMowpX3E,toys,1000,40,40,30
RZW9SelPr7Vv,toys,200,20,10,15
xdwAamTOt3Ba,toys,4300,50,20,20
3yk93DQoQpk3,toys,5000,40,10,40
hvWKcEV124VX,toys,15600,35,46,35
woP5cZBmcBcI,toys,9800,65,20,45
cBzyfbJ9o2Ly,housewares,800,16,11,18
qilDjbibfweR,toys,300,16,2,20
bJlrTdzo7s1f,toys,27000,105,18,35
GvBzGCvvIC2D,toys,1000,53,8,18
MXIDpBL8zOVA,toys,1350,27,9,18
Tu1BFgu9GnLO,bed_bath_table,1500,40,15,32
WVIqmO1Zpio7,auto,16900,40,30,30
eESFuzoBJg5E,toys,117,18,6,12
V2XI2qJlQyVA,industry_commerce_and_business,7225,16,103,25
PaQRmMWcVBvM,toys,1400,27,10,17
vZUdZ9QVR7iX,bed_bath_table,550,16,10,16
GA7VKY55Ve1s,toys,4850,30,30,20
Y3eayqO8aOXQ,toys,850,38,10,38
0vbEvli2JYJu,toys,1383,50,10,40
Qf3jXDCJPvkJ,toys,350,19,12,13
IAwyJkryRk4R,toys,450,16,10,16
04VarFqFDG4N,market_place,250,18,8,18
vj1Q9kGjOug5,food_drink,200,20,12,15
xhOdqDhuh9C3,baby,300,42,25,15
ERHVaJoeGFkF,market_place,1300,33,6,22
PkSSEEVEqflZ,toys,400,20,15,15
GVFABs8jv3Op,toys,3700,20,38,58
eusdPgZ9vfNN,toys,150,16,5,20
C5mBfEmBowsz,toys,1250,26,20,15
CpPR0u9UXipe,computers_accessories,300,16,8,12
E2GmxGWbzEND,toys,900,25,9,23
8EMcxO7AFhVP,toys,180,17,10,13
KWxRrLF3hWjp,toys,350,19,11,15
p189n8MsUQag,office_furniture,16800,63,58,24
ZERA6htQikNZ,toys,4350,18,33,39
cKboTGrWp54z,toys,2600,17,17,60
FBEbDE6iSj8Z,computers_accessories,140,22,14,14
xUOtXet8knB9,toys,300,20,12,25
swA5UXSnK1rs,toys,617,26,14,18
Ffe8gTdmyO3U,toys,533,22,11,20
tM47X5ddUK0O,toys,150,24,4,14
pTzXgfNgSpW7,toys,150,23,8,12
UGODVHG54iV2,toys,1100,22,27,22
jsE2P6T5PdVN,drinks,325,17,14,14
SrfaFCawoWPe,toys,4550,30,10,17
Qf3jXDCJPvkJ,toys,350,19,12,13
YXLgnSbcUlKN,toys,200,16,2,20
AzF5SLbUbKWt,toys,700,100,5,20
e8ZqaQoymPcf,toys,5200,37,20,34
c6DXFRSnX6ho,toys,750,35,20,20
HVb0WK2Cg43g,toys,4450,16,29,23
dw3iuqdKzB2C,toys,100,25,4,15
66FfkbqT7EaT,toys,6400,30,30,30
nRCGSNEb4RUm,bed_bath_table,1100,50,12,12
t04zRrtBcmWM,office_furniture,13475,53,65,32
JILBeNEN25Sg,sports_leisure,3675,38,29,28
B6iPUeo0Hmep,toys,300,40,10,25
o0wzlENKuuPY,toys,600,17,17,17
efmiIxk5GW9E,toys,1550,38,10,38
vaQjTEBWaASb,toys,150,21,9,14
UDxk0BKLGdWP,toys,150,16,6,11
n0I7r2n61EVM,housewares,600,16,25,11
AMKIgKd1s17B,health_beauty,200,22,10,18
KKOfV8j7dYHx,toys,617,17,14,15
0soM9tOoCXa3,toys,600,17,7,12
gZdw4XlyMmXn,toys,333,17,16,16
FOdgABJRGXrS,toys,100,19,3,11
8czc6uIc81lJ,toys,200,18,7,12
tIPO7bHrwS7c,toys,1850,34,5,34
aQSj5wMRLJyB,sports_leisure,3650,60,15,15
mUzVm5ukrxKM,auto,5950,65,11,65
9p1qIJDPo06E,bed_bath_table,400,26,18,23
T0Agezy7GbkA,toys,1050,35,18,35
HcxzVO7t4pPL,telephony,325,40,10,11
hfEa3c65LTA2,toys,5950,20,20,20
GqH7DZZi37vM,toys,250,16,16,16
X9sl5gbsIDb6,toys,1825,53,10,40
ptNrqD6lH94n,toys,200,35,2,25
cNIQyQD7lRhk,toys,150,17,8,14
fcdGCqtOAdKv,housewares,727,21,19,22
1Ds2HvWxpkv9,toys,50,16,16,17
C4MNIZebz8wg,toys,1582,31,31,35
MJd5ysuJ9wF1,health_beauty,600,33,19,13
6wkAkiVNcu3J,toys,2800,43,5,30
XGtPb2KqluuP,toys,500,23,16,18
drQODUvqXLjk,toys,547,22,13,21
XQnvUd50SsJQ,watches_gifts,50,16,8,16
d4lgTZMuo2nN,toys,450,16,15,11
nly1WtjMl4ys,toys,2800,35,12,30
POPbNW5r1Jpy,toys,1093,20,14,18
AtmJCgT56oDj,toys,250,16,16,12
P22k6cGQeLxP,toys,875,35,14,14
FCc6TWUWdrfn,agro_industry_and_commerce,125,20,4,13
9Ra9OvTGUkvh,toys,400,16,4,11
dAjuzl4lEzYf,housewares,550,16,12,15
DoFhfOL2EWsA,baby,13700,55,30,55
uAoOMo22UMav,toys,300,16,5,11
2KLdCRC3moTd,toys,1800,38,10,38
Pb7eGiBIFKMI,toys,300,45,15,35
yTmuTsD3E8nb,toys,100,17,5,19
0XyYmaoLSH4j,computers_accessories,180,16,9,16
Rtm1uWckrdIP,toys,950,35,6,45
897kVCNGEJYm,toys,1300,29,8,34
R2u3pJSgF7Gr,toys,200,19,9,12
sW6tMAHux6f6,watches_gifts,250,16,2,20
anvtFHva439b,signaling_and_security,575,19,16,18
XC70BhUAAkLt,toys,5400,50,40,40
0Kwvf0nc6vy2,baby,100,16,8,11
h6DZ76JHcZ0o,toys,4750,60,20,50
uhvQEAoGtiSX,toys,350,23,7,15
L5R4lad8hEHC,toys,1200,19,19,16
JbHjUrduq7BQ,toys,900,40,8,40
cip2jHhMY4pc,sports_leisure,3450,16,15,20
pSVuuWCLxyvY,toys,150,20,10,15
dInklYZ5HXma,toys,50,19,3,11
8Tlb7Xc9LP3L,bed_bath_table,1050,35,10,45
YABc5Ij49wi1,toys,900,30,4,20
YWxNxMu4wOKG,toys,1050,36,24,22
DQeMbUZYQfYz,toys,1300,30,30,35
x76dlq1kplBh,toys,13100,37,50,37
wQAj5Nm58m17,toys,1550,40,20,20
FJPMZFdKAowc,toys,1050,42,25,15
f6w7qAiaZUNv,toys,100,18,6,11
ro08JPncYzLh,garden_tools,1650,30,22,30
ljxT8gh1Xcw4,toys,10075,55,64,26
pKxOnQZkDwOQ,toys,1800,30,50,30
opWoTU2BWbGr,toys,7800,16,105,30
MQ2y03vEkluo,bed_bath_table,250,16,22,11
1JgqZUMnHeh7,toys,600,16,2,11
axLBYi1XjP6J,toys,200,41,2,29
lctzzYPrOOYX,toys,5417,47,44,44
vc0h8nhLMhjR,toys,100,30,30,20
gUsB6MIYvqzB,toys,213,14,9,13
m0Lw8m6joRAS,toys,350,40,4,30
Fbfxc3sxlDky,toys,1650,30,20,30
Y4LOuaOSwPzM,toys,800,17,28,11
Hmcijnur9oOg,consoles_games,700,20,15,20
LqemLFXtsUMx,toys,250,20,20,20
VFKqopsYepY6,toys,150,35,2,26
Pb29t2XBfP6Q,furniture_decor,700,35,4,30
mqrnNPLgsDKO,toys,750,30,30,11
KoRGSXOt2wEV,toys,2300,16,32,11
sZPDopwjwXU1,auto,2450,30,30,30
KNzyyeCfT6Jw,toys,7150,47,26,35
TQgUjDPUjd95,toys,1075,39,6,26
3DndxczZrPAj,toys,3900,53,13,53
rhyKJR9O3w6n,toys,650,25,25,25
tQSTooJNc6vp,toys,400,30,10,30
mckjIgHnht9R,toys,350,19,12,13
zc3Kr0vGb4YN,toys,1100,41,9,31
7grztYpCkySJ,toys,850,20,25,20
gQmWktJ30VDv,toys,250,16,2,20
sAZlZF7GJJdr,bed_bath_table,350,16,10,16
7Y9s1nKZwgT8,toys,188,16,11,12
BnICguJ7FAqS,toys,550,46,3,21
ZNl6BY792DHN,toys,2500,60,12,20
kFwCHCD7QAUG,fashion_bags_accessories,100,16,16,16
P3UmRv6uzzeh,toys,350,54,27,39
y94CJpPCKwhA,toys,500,30,42,20
ciyz5BBBbTP3,toys,100,16,4,16
JSf9OtrZlVSW,health_beauty,1200,21,13,19
3UKRaMZJbCXh,toys,1200,40,31,31
63XTdPWHKZSw,toys,7900,25,60,25
yO7IRW63DLNB,computers_accessories,400,28,6,13
kpaWBO7LJ3AD,toys,560,19,13,17
5a3fOLvOnQ3s,toys,396,18,11,14
K5iq4VCYBki3,toys,183,17,4,12
21McOahMq8xu,toys,167,21,10,12
gmnJta6APaNa,sports_leisure,275,24,8,12
rLkyneOy1Tq7,toys,1100,16,10,16
K21GjvOC8E0K,toys,800,16,20,28
svk4TIQoScnN,health_beauty,527,18,16,13
HqcgHaEnbeXs,auto,2800,16,2,11
tJSjR1AbQ1F4,toys,400,16,16,16
aGfDroEvoLRJ,toys,200,16,14,12
oUaq0Emczjrp,toys,175,23,21,21
tHPavTpCiXx0,health_beauty,200,16,4,16
VO111AOA1QIP,baby,550,50,10,50
OXan3Rsv1N9F,toys,9350,70,15,33
r8X9WIzMDtnH,toys,550,20,20,20
huOtiYFnpes9,toys,525,16,16,18
i6zLzwZZgX1F,toys,200,16,4,13
FdBtdonyg5Cn,housewares,550,16,12,12
KUgYDEzRRFSD,toys,350,20,10,15
301f8N0vMU8O,cool_stuff,2035,27,13,15
GvBzGCvvIC2D,toys,1000,53,8,18
uqqbrPEb2Kvn,toys,431,20,11,13
2ctsTd26h9QP,toys,650,26,17,21
98SxWR4W5vhx,furniture_decor,650,68,8,13
z9r4yfctEfv9,toys,3250,36,10,35
7ZUitWOLtfMg,toys,650,30,35,30
bfkYf8WcDtMl,toys,250,16,5,15
YeGiuIl5wEzT,toys,369,15,13,13
s17aXKu4zvfw,toys,683,35,14,21
F2ZFaPrChBnM,toys,250,16,16,16
mdZ6rnuU6CvV,furniture_decor,600,52,11,11
pwKC4WGEtMsM,housewares,350,22,8,19
gF7KtOA3gNjy,health_beauty,1925,37,6,37
E9OiMOkPkNam,toys,335,17,11,16
fv7KNAysdXlN,toys,260,21,16,20
zzKpDIgxntcg,toys,6400,34,22,50
TaP4m47lzJC9,bed_bath_table,650,30,8,25
0vbEvli2JYJu,toys,1383,50,10,40
g7HXr6G8lJw7,toys,600,20,20,20
pB2qzEXgYNCU,housewares,400,20,30,16
baO5UlHQAGVC,toys,650,16,10,16
LP9yzvAzxDXy,toys,750,32,9,24
5O25qEzJZSMe,toys,375,16,13,15
GvBzGCvvIC2D,toys,1000,53,8,18
JlvzVT71weio,computers_accessories,200,20,10,15
x2473gHktSB1,toys,900,25,12,38
43tazj2WmezZ,toys,500,18,6,21
OREzyxIkjqea,toys,5450,16,65,25
4hkcmVq9CDd3,computers_accessories,496,36,13,35
qwXQxR8t1Ktz,toys,350,25,15,25
4E5vJsjJSojs,toys,100,16,4,11
Nfe3KW9D3aB1,toys,14950,77,20,53
4RGv7GdkdYyB,telephony,300,17,4,12
k1G4RHt3R7Nk,toys,950,20,35,20
bfkYf8WcDtMl,toys,250,16,5,15
0GII09WWgwUY,toys,200,51,15,15
ZGiWs1UKMLSA,consoles_games,350,20,20,20
koPVtkzV3WbC,toys,150,35,2,25
zbOpRaWbl8I1,toys,575,30,11,17
ZEye6yzDOiiE,toys,1400,20,20,20
C8CAvt1H4uq0,toys,725,31,7,31
GkFlhyB97eqI,toys,177,20,20,20
Sr7PutUF6W74,toys,3000,30,30,20
JviVd50sxFpF,toys,400,17,4,17
7B6K1gvFb5NH,sports_leisure,7400,49,22,41
Ffe8gTdmyO3U,toys,533,22,11,20
dooIJeivMlv6,toys,150,19,12,16
tfgKHMdnTKpJ,toys,425,17,11,14
XFaEaka76f9Y,toys,400,21,16,16
nuF73WjvQjvq,toys,7500,61,11,46
xl7fxh09W8xU,toys,4105,67,10,67
yjbebnmOeMDy,toys,4100,16,10,16
0UHKKyYmxWfq,toys,1200,30,23,30
HTAJlgRwPpZ4,toys,1500,37,23,35
IdQ8L0XdYRgY,food,500,23,23,17
OQfB1b4uv1ky,toys,10850,60,10,40
DyTbGyCk2Wqt,toys,8800,33,28,20
T2xpbQd9IyDy,toys,2000,35,10,50
d6f8CERabPBQ,toys,1200,22,13,16
a2rFY4kyf8eB,toys,150,17,8,14
Lx7Zbroav4Gt,toys,150,18,9,11
uW3DyXEsUvwf,toys,500,65,6,11
gO3HkbqTzW6x,cool_stuff,5200,63,2,79
edvL52sahEJo,toys,4900,36,22,36
k1G4RHt3R7Nk,toys,950,20,35,20
QjZtjgIx7NI5,toys,300,25,10,20
FkDNIFiX19cI,computers_accessories,173,18,13,12
fkOxcRqgS5y0,toys,10200,30,30,40
hRa5Mdi2W3gL,toys,163,33,4,20
DsP0QUh8tgta,toys,100,20,20,20
8kUYWjdaVCxf,toys,250,41,2,29
SAXV2EDo6g4s,toys,1250,39,15,23
BrK5VgsL3DXk,toys,300,18,7,12
pTe66JgJ7xZL,pet_shop,1050,20,17,25
SkUGEi2ENVlV,toys,214,15,7,13
zVkMIgraNdQJ,toys,1100,37,12,22
qFEBJoYnKG2G,health_beauty,500,19,17,15
SPIT3wETFRjm,toys,150,16,2,11
7B9HZ3MMsEoK,toys,150,24,17,17
IyjLE3dlI1ce,toys,11200,93,2,98
yRAkBYToAWpL,bed_bath_table,500,16,10,16
uPT5JSckT4wc,perfumery,350,20,10,18
gPcgQy5PcZcR,toys,1250,45,10,15
UgkSjxoiV9Ev,toys,2600,50,10,30
FZ3D47L8YZyI,toys,1700,65,6,48
6Dhk50i6bHvf,toys,998,27,13,24
GrlO2xmgCJ6P,toys,1500,33,25,11
1MAKkRLc16A5,toys,650,20,20,20
cANAJmznL9Lg,toys,6850,50,20,40
pIIdjguylTGV,toys,475,19,15,15
GkY4iC34yfZR,toys,200,16,16,16
PUtzwajjcI8F,toys,100,31,6,31
gmO9Lmc3rapV,toys,700,60,11,11
FdDaM8lO9vdI,toys,3400,79,11,55
fX5cWtC14BWH,toys,23500,66,43,66
4jt9KOGvxtWa,toys,1300,20,15,20
oLVBoWOotxcJ,toys,200,16,11,11
ojKOZNiAjf83,toys,353,23,15,16
MJd5ysuJ9wF1,health_beauty,600,33,19,13
AremCr2pjUBp,toys,600,16,2,11
8LQ1KNC1uffD,toys,200,16,5,20
fnpEJmNALuAZ,toys,275,18,4,12
nAcaJdCos78a,toys,350,18,13,13
jowpxEhRo2Cp,baby,213,17,8,12
kjXPWGNlNz2a,toys,375,23,23,23
TcEvG8mXayC7,toys,267,19,18,17
xArM6NlDrEZS,toys,500,16,16,11
ymKDicNbeRGT,toys,525,16,17,12
VM4OmZOaHp63,watches_gifts,576,20,13,17
CetSPeqb3tc4,toys,5700,60,20,29
fwf07l1OVf2x,toys,1017,39,15,34
hn7szEJHw5LE,toys,792,19,14,16
rIwCsLZ2dFTY,fashion_bags_accessories,100,17,3,12
GmgXGONutNxg,baby,6600,45,25,35
rZ5pT7KeDGN2,toys,710,19,13,14
FkDNIFiX19cI,computers_accessories,173,18,13,12
xDmT0BaSQrnp,toys,800,30,12,30
VE1XRfifT9hb,luggage_accessories,450,24,47,34
Bma2PVU1tDT2,toys,1025,27,13,19
3LpxCHqsJe5S,auto,200,16,5,20
ymZvN9XtTHxn,toys,1110,19,11,18
thVu8wtNKd5H,toys,2900,35,12,30
j2LIi5Z0zNss,toys,300,18,16,14
popL7p00yvEm,toys,950,40,6,37
m04GA9uIJaR4,toys,867,17,27,16
oN4U7mAXXYDg,construction_tools_construction,4050,19,19,19
6y4Svg7F46Ll,toys,500,47,10,36
bCk4GH4hlq3x,toys,3700,32,22,46
fktVsMNpQcuY,toys,563,20,12,14
4iGV7YIuk45I,toys,6750,33,35,34
xo7JdYBbhnL3,toys,1087,29,29,22
6Ww1i7qd1Zqu,cool_stuff,1200,42,25,15
8NfBg6burWaK,watches_gifts,263,17,12,13
bIEg5jBI5qCt,office_furniture,16133,63,59,25
l4Ak1k8MYyLW,toys,262,17,12,14
grHPtsOKycoY,toys,1800,20,12,25
IapxkDY5AEwa,toys,200,43,9,16
ztoAHjqCQTx3,toys,8000,52,18,33
M9Rq7Nx8etjk,toys,7000,26,47,27
DL5BHCpE7rrL,bed_bath_table,835,40,9,33
VPeKM1EB7I8L,housewares,9650,62,35,37
kWY5PZuP3mMX,toys,2200,21,27,20
ro08JPncYzLh,garden_tools,1650,30,22,30
0IjTTPekYrA6,toys,23250,23,50,84
hfeqnTkgsdQt,toys,800,36,36,20
SLANLZkCbYI1,toys,150,16,12,12
u8FVP0J6HlbM,home_appliances_2,14813,50,43,26
3Xljh8XDK83O,toys,800,35,30,40
vh6qRnd3jAis,toys,1200,67,11,47
FekPWhKuOkmM,toys,650,20,30,20
uLzBIKqrgfXM,health_beauty,1029,20,15,17
MXfRU6BvSbFp,cool_stuff,15350,47,40,47
QCAiaLSyGTa2,toys,375,29,14,20
1lWjTiLpL5sL,housewares,445,23,12,14
pK3RXgL02EpR,toys,400,28,10,13
2WgyucGaDmUm,pet_shop,300,24,12,12
Ly39HDLMrH1F,toys,250,27,5,20
YZLstX8mQBEQ,toys,300,16,17,11
cDoq9u33HEPc,toys,500,35,8,35
z3QThifm2Ex8,toys,1000,35,9,25
IREhNF64vxMV,bed_bath_table,4900,42,12,42
OQd2aNjMA5u2,toys,1200,25,10,25
XUyg95fttt1h,toys,800,25,5,25
Y0RM3LCkq2HF,electronics,200,22,12,16
nHVfUq8Xfzwq,toys,400,16,2,11
CmNuLTfTF12l,toys,3000,33,12,34
MHzzkDPSSXkY,toys,800,25,12,20
q2qgvAJMfOL1,toys,525,17,18,18
LXAABPW3XQVW,toys,3450,27,29,27
q7bnB4d9UQje,construction_tools_construction,1700,26,9,20
7LfF2UKqKxBn,health_beauty,150,60,11,16
5ArAXFfZIzdV,toys,275,21,7,18
KfYA1Y54VggE,furniture_decor,500,47,19,36
3hFgY14cseag,toys,5650,73,73,20
0MOZauLgN5Vq,toys,1238,34,19,24
QRRDhAddJGXo,toys,350,35,3,12
LI7HK6BJBBPy,watches_gifts,200,20,8,11
1edaUIVffPFF,watches_gifts,584,16,11,13
202tnP7Gp77m,toys,2700,30,11,20
ZvqpPIcpiYHc,toys,922,30,15,17
ngBjN7lkpLic,toys,250,16,2,11
v5SnKR6BzXcc,toys,800,20,40,20
pEOKGWW2dBY3,toys,300,16,30,20
1LlAoE7WwDpb,toys,800,18,22,18
9o5aGPLpSZGU,office_furniture,9725,53,52,17
21d75APed1Cs,toys,10550,45,35,40
ZWyg4uNWPHjJ,toys,250,16,2,11
XDB36Rv1EWWy,toys,2150,33,23,33
p9XNVNxNsSHj,toys,1200,35,9,25
h0c562VfTzH1,toys,1200,30,30,30
nLJJ4yVgx9ji,toys,150,30,10,15
hltNoJPbTHBZ,toys,550,16,10,16
GvBzGCvvIC2D,toys,1000,53,8,18
tzs5x0lLkB4v,toys,117,21,12,13
ipPRqbM59Nsv,toys,575,16,22,16
dfg0jojjzwY6,toys,200,16,88,16
vHV8rk4PORBK,toys,1650,30,30,30
Pb29t2XBfP6Q,furniture_decor,700,35,4,30
B7CVgrM35B2B,auto,850,16,28,16
DDzcxw2orD5A,toys,1000,55,40,11
EbXvBHpCdrqk,toys,7750,28,55,37
6gAgSBS9Ghbl,toys,500,16,20,16
KFuPwSsJH9FK,furniture_decor,2550,30,35,30
THCxakg42bF1,toys,700,60,11,11
l9s4S45sS3Tv,toys,487,19,12,16
RmflC2gybv9O,toys,650,32,2,22
pjKs3IJY2LO3,toys,150,20,15,15
zJ3QmOOSjuNf,toys,2750,30,20,30
BtrLJJC9i918,toys,500,20,10,17
jjuUt1Fp9kX7,baby,10750,38,47,44
VUFL8lkuO8nH,toys,553,20,13,18
hZXWmyaDMnJ3,sports_leisure,1950,60,15,15
VaaCM9tzYE0J,toys,1400,32,14,28
g5wvRcwf7IIy,toys,400,25,15,11
NTJNxSS03cG3,toys,6950,40,30,40
g8Jr222zRYvQ,toys,8350,44,32,35
Z4AzLJ6bjng2,toys,875,16,46,38
on5EC0NJ0gdV,watches_gifts,500,16,13,13
k70YhkRSxJzl,toys,200,16,9,16
qITImoaYqnMp,toys,1300,27,9,18
NgQ204X8yfyZ,computers_accessories,200,20,12,12
B1FfhbqM7Ray,toys,3000,40,35,40
PKW0Jg5sxOWH,toys,2750,25,8,25
hm0kG6bz215p,toys,500,19,7,11
ev5SGnFOKVhR,toys,157,17,8,13
UjtLs3UDdDsr,toys,695,30,33,27
9d8pnDW9J4YX,toys,400,22,10,16
POYxCFHKMvxl,toys,6700,28,40,28
BRnI5QOLxvL8,toys,1150,30,12,16
rouH1tejy3SO,toys,1600,20,60,20
7hIibbPWVlMU,furniture_decor,6100,35,15,30
9eFAE4sttedB,toys,600,22,33,16
mc8GIa0mreZN,toys,650,35,2,25
s8JIMbUdrQg1,toys,600,20,20,20
36r9ecsJdG43,toys,700,45,15,35
oUaq0Emczjrp,toys,175,23,21,21
bag9BdIjb8Rj,toys,950,41,45,11
brKswOkWPtqO,furniture_decor,650,20,35,20
0bZE5tfwrkpm,toys,1025,32,14,12
OETpp5ovWWEh,toys,400,23,25,11
AjFi9RspMrwZ,audio,343,19,11,13
0vbEvli2JYJu,toys,1383,50,10,40
x9ShmJ54INxa,toys,200,17,7,12
9o5aGPLpSZGU,office_furniture,9725,53,52,17
5OlvQAjjxnbM,toys,8750,36,27,54
mmfGLAtvxdMx,toys,2600,23,23,23
7AdHMcUA45kV,toys,150,43,13,14
Rm3ylmTfDnzn,sports_leisure,300,30,5,20
yqXF2xBgO2Yj,toys,7350,40,30,23
CvtNxyTPsz7k,health_beauty,555,30,12,16
VcRU5d314wk8,toys,16550,22,65,40
H7nWKs2g42fu,toys,250,24,7,14
DWKmdd2Cc8jD,toys,150,18,8,13
GcA63YUWZKF0,toys,600,17,17,17
FJecCwN2k2r3,toys,200,22,7,14
y1HgENGrWEMV,pet_shop,163,18,9,14
DErPo7OZsYSo,watches_gifts,750,48,16,25
3jddxWJlivPA,toys,1500,36,6,26
v5nCR4cuovu9,toys,600,16,10,16
EO95q6n6KAYC,toys,1400,27,13,17
muYklhpQnbjz,toys,11800,61,61,19
fwxl78QhkWoi,toys,433,21,12,16
pwwepzLkrMOF,toys,250,19,9,27
ICg52p0fIcjz,sports_leisure,250,16,15,16
YnCK8Kqham5R,toys,1525,27,23,24
EV3RPuyZ49GA,toys,317,21,14,16
vGXXRal5HLec,toys,300,22,14,18
rkFp7albv3Hz,sports_leisure,1650,40,45,25
m8HhYxS2C3aN,toys,550,16,21,18
t1miL8Adj6sw,housewares,900,22,24,24
Gvk6GWtgVh4r,toys,887,30,22,20
wAqpjobOTLMo,construction_tools_construction,1200,16,11,11
6lqYiC1kC4WA,toys,2425,29,30,19
rzLneTyAjkOh,auto,800,16,16,11
nLJJ4yVgx9ji,toys,150,30,10,15
Baili4Bf5wly,toys,600,26,6,18
ZXIEsYQd2pCQ,toys,200,16,2,11
4aY0NgJi0cCm,toys,650,16,16,16
OBIvlk9Z3nDK,toys,1450,90,6,18
ux3Ksf82C6dI,toys,550,16,25,16
yxbOV7Ndo5fT,toys,1900,65,12,12
BexYLpCx6BwK,toys,532,19,17,17
QVlD26X1y7NI,furniture_decor,1000,100,5,20
6M6QxDT4iGx5,cool_stuff,8450,45,24,39
jrvLtMrD3Khn,toys,4300,16,79,48
hMMOgETirvXW,toys,150,22,3,12
XaZhwWmDvmVY,toys,9000,70,25,55
eJ0WKujR01gm,toys,950,105,10,11
mfmhMF6dhdl6,toys,4100,26,8,26
7SbxZe82YD4g,toys,427,15,17,14
0EFQn9gY6gaY,toys,1000,16,16,12
IfXaP31E0HlB,toys,250,20,8,13
hXJzBtpOKuuU,toys,4650,37,20,34
YaALB7oxDID9,stationery,575,23,26,14
eaofBA31DjsP,toys,1100,24,42,11
QPNLfLhMRFZV,toys,100,20,20,20
htvhVzDA4jAu,toys,100,16,11,11
A07swqGsjXLx,toys,200,16,2,20
srvU0XsdWXs7,toys,7700,28,55,37
hJYNFeq2z8E0,toys,600,18,6,15
B2HyTOAfXCFl,sports_leisure,867,26,15,18
kml9id6j1D7J,toys,513,24,13,17
HcxzVO7t4pPL,telephony,325,40,10,11
q8vfvTf5F2XO,toys,500,16,2,11
AOze5T4Uex3f,toys,550,23,8,13
kuUbPNBMgk7o,toys,2150,30,19,25
XhUFUsNxI9lK,toys,1600,35,25,20
BCER9EDwpGjr,toys,1291,23,23,20
HuJZxg0ZSCIL,bed_bath_table,1450,30,15,30
G4640SQ4F6gN,toys,459,18,13,14
MzyBYFOiAQl4,toys,10050,50,30,40
CLNGHSRBFxql,toys,5650,77,16,19
OR8L9LaOqJlk,toys,200,16,7,16
QwBqWGV8MEgK,toys,5150,90,4,42
GLkO1SLgrt4F,perfumery,350,22,5,14
oUaq0Emczjrp,toys,175,23,21,21
M0lPdvbXkSzi,toys,315,17,9,17
VcU0FP9DjfBt,toys,550,40,5,30
c7PDreUWjpjc,toys,1250,32,18,24
vMNkrbsMMk0s,toys,300,16,9,11
8EMcxO7AFhVP,toys,180,17,10,13
RQlh8sswQpO2,toys,13100,61,61,21
DxVHhA66zdLu,furniture_decor,2000,28,38,11
pSqmZ5ursPGa,toys,950,35,25,20
RVEiCvqaMSJ1,toys,400,20,11,16
rxR2GdD3XxuJ,toys,1500,50,30,33
EYEzM1t9LJ3A,toys,1600,30,30,35
185Rjb6Jfv2E,toys,150,16,16,16
CKTiEGaIRVPU,toys,900,28,20,20
nXZPk6g0AKxS,telephony,450,17,3,11
ixKNEjGAj4eD,toys,350,16,5,15
x8VfMVUGc4Ci,toys,167,16,11,15
SLTlrWtcYt1m,toys,1750,37,22,40
nfcshHx8ZZOj,toys,750,16,10,50
SLANLZkCbYI1,toys,150,16,12,12
UgkSjxoiV9Ev,toys,2600,50,10,30
VgQLgvRS8cD3,toys,4450,28,14,28
7yg8cGsbbeWg,toys,500,25,11,18
4PdIfWqprn5V,toys,700,23,15,19
uhR7YKVFm3CF,toys,1400,20,30,20
l8I5PhFFBlCO,toys,340,17,7,16
Bp2UR8L9Q9VG,toys,1375,30,6,22
Xw3IjsfIWduO,toys,300,19,4,15
FE9j27iJddQf,toys,300,17,4,12
CY8OZ3lT9uqB,telephony,250,18,3,28
SWqcqGVZ1YKW,toys,2550,45,13,35
4I39bKsMOXGL,toys,350,32,9,16
1lGxeFOwsmvu,toys,200,22,3,15
fabZkYLh9gA3,toys,1600,40,8,50
xKRXYQYtS7Zn,toys,2367,52,23,28
nuF73WjvQjvq,toys,7500,61,11,46
HPSwzbOuoPU4,toys,11113,58,55,24
fnpEJmNALuAZ,toys,275,18,4,12
v0F9iKtjn5LF,toys,9400,40,28,40
r6yBdRWfu7YQ,toys,1500,49,11,49
ssZQDTdv1ISb,toys,400,34,4,22
Gx9BskaoR7Lk,watches_gifts,500,23,15,19
hWN8oyEHKv6p,home_appliances,100,30,10,15
nxhprP2JJoRH,toys,300,16,10,11
2vFEY0c4ZIPU,toys,325,21,14,15
t2cv5m3Sgv96,toys,750,20,35,20
9uXsrini520L,toys,100,18,12,15
Ffe8gTdmyO3U,toys,533,22,11,20
6FucextzO1X8,toys,700,25,2,17
9NwzO0Pm0fDM,toys,1550,30,22,30
d0BKmuUhXBys,sports_leisure,250,30,16,16
Nzi3hRERFNyS,small_appliances,4683,45,29,22
v9Zh5L7sKLML,toys,250,16,12,14
yPpDvEzJaKln,toys,100,25,2,17
0UOulY5bfHxj,toys,300,17,4,12
DxsP45oneomH,toys,1800,34,7,32
CpeCg2UGCL6P,toys,250,40,4,30
3FfDxNYBiaEE,toys,700,65,18,28
qiU6uljqd8aK,toys,875,25,18,40
8OInt3C4fUKN,toys,583,20,21,20
BBq3IlnjaLXC,toys,1625,41,30,33
wOXCQyEa84Wo,toys,200,16,16,13
nXNEX5GWTnau,toys,6850,48,25,34
Y3eayqO8aOXQ,toys,850,38,10,38
9QaxtwxbrDKi,health_beauty,5575,28,23,28
ixW3eSzsap1f,perfumery,480,23,14,17
Al4ieZoLaTd8,toys,850,30,5,20
AXZzUcbetdav,toys,2000,30,12,16
44VI3k46Tzq2,toys,150,24,2,17
OkVrJgMyxTHh,stationery,258,19,12,19
0O4bnl5ALupa,toys,800,20,20,20
XW4nFGtgTJll,furniture_decor,1600,35,8,35
pa7OH8qw0fhq,toys,450,22,12,22
5a3fOLvOnQ3s,toys,396,18,11,14
3fkBC86iwgvN,toys,200,17,6,12
H29FgNKK0Ysz,toys,1700,30,35,25
Tki8pCCAvc2G,toys,3800,39,5,39
akCw0d3GZ721,toys,8238,44,28,36
6K3GS6m9Ykcn,toys,1500,30,25,30
ahvLHagsHv9K,toys,100,80,10,60
DT3crpR4MvP8,auto,50,18,10,16
Ffe8gTdmyO3U,toys,533,22,11,20
pIFjAEt17Asx,toys,400,16,10,11
06Zem5ml9euJ,toys,175,17,6,13
rtiHziGBmYUe,toys,1950,16,105,14
Xa7nw4Iih1NB,market_place,1750,32,10,40
sch073eFNuJS,bed_bath_table,1050,22,16,18
muQMHf3zHSZK,toys,200,22,23,16
hLYCVUs0gvdF,toys,900,33,9,38
SitPMWGsmpa4,toys,450,20,20,20
FZKmRAY3nmo9,toys,117,16,14,16
qAJdy2rvA6Nv,toys,1050,22,9,12
1edaUIVffPFF,watches_gifts,584,16,11,13
XEZezewIEjhu,toys,1150,40,30,20
EAo7LclfBJXL,toys,750,25,5,17
a99EnRA5cSEj,signaling_and_security,300,20,11,15
LZuA6Wfv8WN5,toys,200,22,3,15
HcvOassQq76f,toys,292,18,10,15
er5sZC3bHEHt,toys,13800,50,37,37
6TfaB3ltccuC,toys,1400,22,12,33
